min1,min5,min15,cpucore,iteration&time
2.18,1.48,0.9,8,1:1667130144.019961
2.28,1.55,0.93,8,2:1667130164.4345968
2.2,1.58,0.96,8,3:1667130184.7828379
