total,running,sleeping,thread,pid_max,iteration&time
37,1,35,103,0,1:1667130144.0047982
37,1,35,103,0,2:1667130164.3786957
37,1,35,103,0,3:1667130184.7614505
