min1,min5,min15,cpucore,iteration&time
1.29,1.15,0.66,8,1:1667129900.64983
1.21,1.14,0.67,8,2:1667129920.899992
1.15,1.13,0.68,8,3:1667129941.269421
