total,running,sleeping,thread,pid_max,iteration&time
37,1,35,103,0,1:1667129900.629198
37,1,35,103,0,2:1667129920.8825634
37,1,35,103,0,3:1667129941.2270155
