min1,min5,min15,cpucore,iteration&time
0.05,0.02,0.0,8,1:1667127409.6679406
0.03,0.02,0.0,8,2:1667127429.8829298
0.02,0.02,0.0,8,3:1667127450.0822766
