total,running,sleeping,thread,pid_max,iteration&time
28,1,27,94,0,1:1667127409.6620913
28,1,27,94,0,2:1667127429.8479707
28,1,27,94,0,3:1667127450.0694437
