min1,min5,min15,cpucore,iteration&time
0.02,0.02,0.0,8,1:1667125716.5861497
0.02,0.01,0.0,8,2:1667125736.7811823
0.08,0.03,0.0,8,3:1667125756.9287932
