total,running,sleeping,thread,pid_max,iteration&time
25,1,24,91,0,1:1667125716.5789564
25,1,24,91,0,2:1667125736.7729323
25,1,24,91,0,3:1667125756.920323
