min1,min5,min15,cpucore,iteration&time
0.0,0.01,0.0,8,1:1667127530.864248
0.0,0.01,0.0,8,2:1667127551.1763213
0.0,0.0,0.0,8,3:1667127571.4525504
