total,running,sleeping,thread,pid_max,iteration&time
28,1,27,94,0,1:1667127530.8548737
28,1,27,94,0,2:1667127551.1558886
28,1,27,94,0,3:1667127571.4383519
