min1,min5,min15,cpucore,iteration&time
0.0,0.0,0.0,8,1:1667124990.452866
0.0,0.0,0.0,8,2:1667125010.6399808
0.0,0.0,0.0,8,3:1667125030.7979333
