total,running,sleeping,thread,pid_max,iteration&time
25,1,24,91,0,1:1667124990.445654
25,1,24,91,0,2:1667125010.6315017
25,1,24,91,0,3:1667125030.7895317
