min1,min5,min15,cpucore,iteration&time
2.22,1.62,0.98,8,1:1667130205.1145723
2.41,1.72,1.03,8,2:1667130225.4651718
2.29,1.74,1.06,8,3:1667130245.7888663
