total,running,sleeping,thread,pid_max,iteration&time
37,1,35,103,0,1:1667130205.0879343
37,2,35,103,0,2:1667130225.4412966
37,2,35,103,0,3:1667130245.757088
