min1,min5,min15,cpucore,iteration&time
0.0,0.0,0.0,8,1:1667125413.8673902
0.0,0.0,0.0,8,2:1667125434.0558205
0.0,0.0,0.0,8,3:1667125454.2063391
