total,running,sleeping,thread,pid_max,iteration&time
25,1,24,91,0,1:1667125413.8553426
25,1,24,91,0,2:1667125434.047602
25,1,24,91,0,3:1667125454.1978948
