min1,min5,min15,cpucore,iteration&time
1.7,1.9,1.27,8,1:1667130448.9303432
1.8,1.91,1.29,8,2:1667130469.2382975
1.77,1.9,1.3,8,3:1667130489.5218081
