total,running,sleeping,thread,pid_max,iteration&time
37,1,35,103,0,1:1667130448.9201307
37,1,35,103,0,2:1667130469.209305
37,2,35,103,0,3:1667130489.497941
