min1,min5,min15,cpucore,iteration&time
0.0,0.01,0.0,8,1:1667125958.4720762
0.0,0.01,0.0,8,2:1667125978.675644
0.0,0.0,0.0,8,3:1667125998.8127356
