total,running,sleeping,thread,pid_max,iteration&time
25,1,24,91,0,1:1667125958.4659393
25,1,24,91,0,2:1667125978.6671803
25,1,24,91,0,3:1667125998.8043227
