min1,min5,min15,cpucore,iteration&time
0.78,0.42,0.17,8,1:1667129109.3273413
0.56,0.39,0.16,8,2:1667129129.5771718
0.4,0.36,0.16,8,3:1667129149.889044
