total,running,sleeping,thread,pid_max,iteration&time
28,1,27,94,0,1:1667129109.3173926
28,1,27,94,0,2:1667129129.5611453
28,1,27,94,0,3:1667129149.85364
