min1,min5,min15,cpucore,iteration&time
0.0,0.0,0.0,8,1:1667127046.734049
0.0,0.0,0.0,8,2:1667127066.907119
0.0,0.0,0.0,8,3:1667127087.0554922
