total,running,sleeping,thread,pid_max,iteration&time
28,1,27,94,0,1:1667127046.728083
28,1,27,94,0,2:1667127066.89895
28,1,27,94,0,3:1667127087.0468037
