min1,min5,min15,cpucore,iteration&time
1.48,0.98,0.53,8,1:1667129777.9248486
1.63,1.05,0.57,8,2:1667129798.3830898
1.73,1.11,0.6,8,3:1667129819.394158
