total,running,sleeping,thread,pid_max,iteration&time
38,2,35,104,0,1:1667129777.901191
38,2,35,104,0,2:1667129798.328305
38,2,35,104,0,3:1667129818.7825642
