min1,min5,min15,cpucore,iteration&time
0.0,0.0,0.0,8,1:1667125292.8978865
0.0,0.0,0.0,8,2:1667125313.073146
0.0,0.0,0.0,8,3:1667125333.2268796
