total,running,sleeping,thread,pid_max,iteration&time
25,1,24,91,0,1:1667125292.891341
25,1,24,91,0,2:1667125313.0647438
25,1,24,91,0,3:1667125333.2184534
