min1,min5,min15,cpucore,iteration&time
0.0,0.01,0.0,8,1:1667128077.6772244
0.0,0.01,0.0,8,2:1667128097.9169614
0.0,0.01,0.0,8,3:1667128118.1492438
