total,running,sleeping,thread,pid_max,iteration&time
28,1,27,94,0,1:1667128077.6630785
28,1,27,94,0,2:1667128097.9051027
28,1,27,94,0,3:1667128118.1295774
