device_name,fs_type,mnt_point,size,used,free,percent,key,iteration&time
/dev/sdc,ext4,/,269490393088,2625982464,253103738880,1.0,mnt_point,1:1667125656.06231
/dev/sdc,ext4,/,269490393088,2625982464,253103738880,1.0,mnt_point,2:1667125676.2799137
/dev/sdc,ext4,/,269490393088,2625982464,253103738880,1.0,mnt_point,3:1667125696.4368541
