min1,min5,min15,cpucore,iteration&time
0.06,0.02,0.0,8,1:1667125656.0512927
0.05,0.02,0.0,8,2:1667125676.2720203
0.03,0.02,0.0,8,3:1667125696.4306436
