total,running,sleeping,thread,pid_max,iteration&time
25,1,24,91,0,1:1667125656.0406847
25,1,24,91,0,2:1667125676.262244
25,1,24,91,0,3:1667125696.4221423
