min1,min5,min15,cpucore,iteration&time
0.0,0.0,0.0,8,1:1667127228.140061
0.0,0.0,0.0,8,2:1667127248.3126671
0.0,0.0,0.0,8,3:1667127268.5081465
