total,running,sleeping,thread,pid_max,iteration&time
28,1,27,94,0,1:1667127228.1338322
28,1,27,94,0,2:1667127248.3018816
28,1,27,94,0,3:1667127268.4923182
