min1,min5,min15,cpucore,iteration&time
0.58,0.37,0.18,8,1:1667129291.9548945
0.84,0.44,0.21,8,2:1667129312.2328486
0.95,0.49,0.23,8,3:1667129332.4481778
