total,running,sleeping,thread,pid_max,iteration&time
31,1,29,97,0,1:1667129291.9444027
34,2,32,100,0,2:1667129312.2048645
33,2,31,99,0,3:1667129332.4329953
