min1,min5,min15,cpucore,iteration&time
1.8,1.18,0.64,8,1:1667129839.8218043
1.57,1.17,0.64,8,2:1667129860.176827
1.41,1.16,0.65,8,3:1667129880.4222424
