total,running,sleeping,thread,pid_max,iteration&time
37,1,35,103,0,1:1667129839.7950256
37,2,35,103,0,2:1667129860.158918
37,1,35,103,0,3:1667129880.4037998
