min1,min5,min15,cpucore,iteration&time
1.63,1.86,1.29,8,1:1667130509.79698
1.74,1.87,1.31,8,2:1667130530.1460643
1.66,1.84,1.31,8,3:1667130550.4229
