total,running,sleeping,thread,pid_max,iteration&time
37,1,35,103,0,1:1667130509.7766788
34,1,32,100,0,2:1667130530.1234136
36,2,34,102,0,3:1667130550.395207
