device_name,fs_type,mnt_point,size,used,free,percent,key,iteration&time
/dev/sdc,ext4,/,269490393088,6049202176,249680519168,2.4,mnt_point,1:1667388505.5606658
/dev/sdc,ext4,/,269490393088,6049202176,249680519168,2.4,mnt_point,2:1667388506.8064518
