min1,min5,min15,cpucore,iteration&time
0.27,0.19,0.08,8,1:1667388505.5513406
0.27,0.19,0.08,8,2:1667388506.7922468
