total,running,sleeping,thread,pid_max,iteration&time
26,1,25,85,0,1:1667388505.5378492
29,1,28,88,0,2:1667388506.772067
