device_name,fs_type,mnt_point,size,used,free,percent,key,iteration&time
/dev/sdc,ext4,/,269490393088,2625982464,253103738880,1.0,mnt_point,1:1667126260.756687
/dev/sdc,ext4,/,269490393088,2625982464,253103738880,1.0,mnt_point,2:1667126280.9383707
/dev/sdc,ext4,/,269490393088,2625982464,253103738880,1.0,mnt_point,3:1667126301.0758297
