min1,min5,min15,cpucore,iteration&time
0.08,0.05,0.01,8,1:1667126260.751353
0.05,0.04,0.01,8,2:1667126280.931851
0.04,0.04,0.01,8,3:1667126301.069632
