min1,min5,min15,cpucore,iteration&time
0.0,0.0,0.0,8,1:1667125353.37684
0.0,0.0,0.0,8,2:1667125373.5631597
0.0,0.0,0.0,8,3:1667125393.7127142
