total,running,sleeping,thread,pid_max,iteration&time
25,1,24,91,0,1:1667125353.3709235
25,1,24,91,0,2:1667125373.5548246
25,1,24,91,0,3:1667125393.7043445
