min1,min5,min15,cpucore,iteration&time
0.21,0.06,0.02,8,1:1667126200.294787
0.15,0.05,0.02,8,2:1667126220.4751508
0.11,0.05,0.01,8,3:1667126240.6211827
