total,running,sleeping,thread,pid_max,iteration&time
25,1,24,91,0,1:1667126200.288848
25,1,24,91,0,2:1667126220.4670444
25,1,24,91,0,3:1667126240.612362
