min1,min5,min15,cpucore,iteration&time
0.02,0.01,0.0,8,1:1667125232.4066966
0.01,0.01,0.0,8,2:1667125252.5771625
0.01,0.0,0.0,8,3:1667125272.7433856
