total,running,sleeping,thread,pid_max,iteration&time
25,1,24,91,0,1:1667125232.400914
25,1,24,91,0,2:1667125252.5685534
25,1,24,91,0,3:1667125272.7346385
