min1,min5,min15,cpucore,iteration&time
0.37,0.17,0.06,8,1:1667388414.308641
0.34,0.17,0.06,8,2:1667388420.4892213
0.31,0.17,0.06,8,3:1667388426.6686852
