total,running,sleeping,thread,pid_max,iteration&time
26,1,25,85,0,1:1667388414.2963622
26,1,25,85,0,2:1667388420.4739606
26,1,25,85,0,3:1667388426.6522086
