min1,min5,min15,cpucore,iteration&time
0.0,0.02,0.0,8,1:1667126744.3366594
0.0,0.02,0.0,8,2:1667126764.512323
0.0,0.02,0.0,8,3:1667126784.6630466
