total,running,sleeping,thread,pid_max,iteration&time
25,1,24,91,0,1:1667126744.3308158
25,1,24,91,0,2:1667126764.5034971
25,1,24,91,0,3:1667126784.6547
