min1,min5,min15,cpucore,iteration&time
0.01,0.04,0.0,8,1:1667126623.3757608
0.01,0.04,0.0,8,2:1667126643.5520253
0.01,0.03,0.0,8,3:1667126663.7068856
