total,running,sleeping,thread,pid_max,iteration&time
25,1,24,91,0,1:1667126623.3700323
25,1,24,91,0,2:1667126643.5425553
25,1,24,91,0,3:1667126663.698248
