min1,min5,min15,cpucore,iteration&time
0.0,0.0,0.0,8,1:1667128684.4225502
0.0,0.0,0.0,8,2:1667128704.6445868
0.0,0.0,0.0,8,3:1667128724.8322842
