total,running,sleeping,thread,pid_max,iteration&time
28,1,27,94,0,1:1667128684.41539
28,1,27,94,0,2:1667128704.627629
28,1,27,94,0,3:1667128724.8219929
