min1,min5,min15,cpucore,iteration&time
1.06,0.54,0.26,8,1:1667129352.6341631
1.1,0.59,0.28,8,2:1667129372.8698812
0.78,0.55,0.27,8,3:1667129393.067103
