total,running,sleeping,thread,pid_max,iteration&time
33,2,31,99,0,1:1667129352.6225588
28,1,27,94,0,2:1667129372.8551838
28,1,27,94,0,3:1667129393.056994
