min1,min5,min15,cpucore,iteration&time
0.0,0.0,0.0,8,1:1667128623.6221702
0.0,0.0,0.0,8,2:1667128643.9185169
0.0,0.0,0.0,8,3:1667128664.2259364
