total,running,sleeping,thread,pid_max,iteration&time
28,1,27,94,0,1:1667128623.6150637
28,2,26,94,0,2:1667128643.8953073
28,1,27,94,0,3:1667128664.2087433
