min1,min5,min15,cpucore,iteration&time
0.06,0.03,0.0,8,1:1667125777.0732205
0.04,0.02,0.0,8,2:1667125797.2510545
0.03,0.02,0.0,8,3:1667125817.3972156
