total,running,sleeping,thread,pid_max,iteration&time
25,1,24,91,0,1:1667125777.0652354
25,1,24,91,0,2:1667125797.242633
25,1,24,91,0,3:1667125817.3891137
