min1,min5,min15,cpucore,iteration&time
0.08,0.04,0.01,8,1:1667127895.5543656
0.06,0.03,0.0,8,2:1667127915.7732635
0.04,0.03,0.0,8,3:1667127935.990168
