total,running,sleeping,thread,pid_max,iteration&time
28,1,27,94,0,1:1667127895.5421376
28,1,27,94,0,2:1667127915.7622383
28,1,27,94,0,3:1667127935.9787264
