min1,min5,min15,cpucore,iteration&time
2.38,1.91,1.18,8,1:1667130327.2426496
2.4,1.95,1.21,8,2:1667130347.6326413
2.42,1.99,1.24,8,3:1667130367.9493241
