total,running,sleeping,thread,pid_max,iteration&time
37,1,35,103,0,1:1667130327.227455
37,1,35,103,0,2:1667130347.5959265
37,1,35,103,0,3:1667130367.9193926
