min1,min5,min15,cpucore,iteration&time
0.36,1.12,1.13,8,1:1667130752.885332
0.81,1.18,1.15,8,2:1667130773.1481388
0.72,1.13,1.14,8,3:1667130793.3434122
