total,running,sleeping,thread,pid_max,iteration&time
34,1,32,100,0,1:1667130752.8723323
36,1,34,102,0,2:1667130773.1293864
31,1,30,97,0,3:1667130793.3322146
