min1,min5,min15,cpucore,iteration&time
1.4,0.79,0.42,8,1:1667129656.0272176
1.36,0.82,0.44,8,2:1667129676.3218677
1.33,0.85,0.45,8,3:1667129696.5555108
