total,running,sleeping,thread,pid_max,iteration&time
37,4,33,103,0,1:1667129656.0010629
37,2,35,103,0,2:1667129676.304824
34,3,31,100,0,3:1667129696.5340073
