min1,min5,min15,cpucore,iteration&time
0.0,0.01,0.0,8,1:1667128138.3367622
0.0,0.01,0.0,8,2:1667128158.6546106
0.0,0.0,0.0,8,3:1667128178.9024792
