total,running,sleeping,thread,pid_max,iteration&time
28,1,27,94,0,1:1667128138.3300269
28,1,27,94,0,2:1667128158.622592
28,1,27,94,0,3:1667128178.8905842
