min1,min5,min15,cpucore,iteration&time
2.4,1.8,1.09,8,1:1667130266.0817215
2.51,1.86,1.13,8,2:1667130286.5920796
2.42,1.89,1.15,8,3:1667130306.9356766
