total,running,sleeping,thread,pid_max,iteration&time
37,1,35,103,0,1:1667130266.0646992
37,1,35,103,0,2:1667130286.5609784
37,1,35,103,0,3:1667130306.905374
