min1,min5,min15,cpucore,iteration&time
1.87,1.28,0.8,8,1:1667130083.1492593
1.82,1.31,0.82,8,2:1667130103.4586177
2.16,1.42,0.87,8,3:1667130123.7281098
