total,running,sleeping,thread,pid_max,iteration&time
37,1,35,103,0,1:1667130083.1222727
37,1,35,103,0,2:1667130103.4370985
37,1,35,103,0,3:1667130123.706479
