min1,min5,min15,cpucore,iteration&time
1.11,1.12,0.68,8,1:1667129961.6078203
1.07,1.11,0.69,8,2:1667129981.8896291
1.05,1.1,0.7,8,3:1667130002.1327896
