total,running,sleeping,thread,pid_max,iteration&time
37,1,35,103,0,1:1667129961.584986
37,2,35,103,0,2:1667129981.8694983
37,1,35,103,0,3:1667130002.1051352
