min1,min5,min15,cpucore,iteration&time
0.0,0.0,0.0,8,1:1667126139.8131995
0.06,0.02,0.0,8,2:1667126159.9778166
0.12,0.03,0.01,8,3:1667126180.1445742
