total,running,sleeping,thread,pid_max,iteration&time
25,1,24,91,0,1:1667126139.8074934
25,1,24,91,0,2:1667126159.9694421
25,1,24,91,0,3:1667126180.134945
