min1,min5,min15,cpucore,iteration&time
0.0,0.0,0.0,8,1:1667125474.3563957
0.0,0.0,0.0,8,2:1667125494.537237
0.0,0.0,0.0,8,3:1667125514.692359
