total,running,sleeping,thread,pid_max,iteration&time
25,1,24,91,0,1:1667125474.3502986
25,1,24,91,0,2:1667125494.5285695
25,1,24,91,0,3:1667125514.684119
