min1,min5,min15,cpucore,iteration&time
0.0,0.0,0.0,8,1:1667125050.9407
0.0,0.0,0.0,8,2:1667125071.1273177
0.0,0.0,0.0,8,3:1667125091.2866523
