total,running,sleeping,thread,pid_max,iteration&time
25,1,24,91,0,1:1667125050.9346256
25,1,24,91,0,2:1667125071.1183388
25,1,24,91,0,3:1667125091.2779412
