min1,min5,min15,cpucore,iteration&time
0.03,0.04,0.01,8,1:1667126321.202212
0.28,0.1,0.03,8,2:1667126341.3496315
0.2,0.09,0.02,8,3:1667126361.4895701
