total,running,sleeping,thread,pid_max,iteration&time
25,1,24,91,0,1:1667126321.1963093
25,1,24,91,0,2:1667126341.3413608
25,1,24,91,0,3:1667126361.48107
