min1,min5,min15,cpucore,iteration&time
0.0,0.0,0.0,8,1:1667126986.2826216
0.0,0.0,0.0,8,2:1667127006.446811
0.0,0.0,0.0,8,3:1667127026.5953705
