total,running,sleeping,thread,pid_max,iteration&time
28,1,27,94,0,1:1667126986.2769175
28,1,27,94,0,2:1667127006.4386287
28,1,27,94,0,3:1667127026.5862665
