min1,min5,min15,cpucore,iteration&time
0.26,0.44,0.26,8,1:1667129473.9047806
0.25,0.43,0.26,8,2:1667129494.1391451
0.18,0.4,0.25,8,3:1667129514.3129365
