total,running,sleeping,thread,pid_max,iteration&time
31,1,30,97,0,1:1667129473.893998
31,1,30,97,0,2:1667129494.1286602
31,1,30,97,0,3:1667129514.3011382
