min1,min5,min15,cpucore,iteration&time
0.0,0.0,0.0,8,1:1667127591.6438591
0.0,0.0,0.0,8,2:1667127612.0042949
0.0,0.0,0.0,8,3:1667127632.262811
