total,running,sleeping,thread,pid_max,iteration&time
28,1,27,94,0,1:1667127591.6371062
28,1,27,94,0,2:1667127611.9802995
28,1,27,94,0,3:1667127632.251072
