min1,min5,min15,cpucore,iteration&time
0.96,0.33,0.12,8,1:1667129048.4272213
1.13,0.41,0.15,8,2:1667129068.81614
1.09,0.45,0.17,8,3:1667129089.1212938
