total,running,sleeping,thread,pid_max,iteration&time
36,2,34,102,0,1:1667129048.4159324
33,1,32,99,0,2:1667129068.7715538
34,2,32,100,0,3:1667129089.105564
