min1,min5,min15,cpucore,iteration&time
0.06,0.01,0.0,8,1:1667125171.9210978
0.04,0.01,0.0,8,2:1667125192.1029718
0.03,0.01,0.0,8,3:1667125212.263451
