total,running,sleeping,thread,pid_max,iteration&time
25,1,24,91,0,1:1667125171.9152567
25,1,24,91,0,2:1667125192.0949152
25,1,24,91,0,3:1667125212.2543874
