min1,min5,min15,cpucore,iteration&time
0.0,0.0,0.0,8,1:1667127652.4865932
0.0,0.0,0.0,8,2:1667127672.8230114
0.0,0.0,0.0,8,3:1667127693.0266368
