total,running,sleeping,thread,pid_max,iteration&time
28,1,27,94,0,1:1667127652.4687574
28,1,27,94,0,2:1667127672.8047826
28,1,27,94,0,3:1667127693.0150135
