min1,min5,min15,cpucore,iteration&time
0.0,0.01,0.0,8,1:1667126865.2811055
0.0,0.01,0.0,8,2:1667126885.496988
0.0,0.01,0.0,8,3:1667126905.6828358
