total,running,sleeping,thread,pid_max,iteration&time
28,1,27,94,0,1:1667126865.2741907
28,1,27,94,0,2:1667126885.4812891
28,1,27,94,0,3:1667126905.6737812
