min1,min5,min15,cpucore,iteration&time
0.0,0.0,0.0,8,1:1667127774.017546
0.13,0.03,0.01,8,2:1667127794.4234204
0.09,0.03,0.01,8,3:1667127814.64907
