total,running,sleeping,thread,pid_max,iteration&time
28,1,27,94,0,1:1667127773.990907
28,1,27,94,0,2:1667127794.397633
28,1,27,94,0,3:1667127814.6387558
