min1,min5,min15,cpucore,iteration&time
0.02,0.05,0.01,8,1:1667126502.457611
0.01,0.05,0.01,8,2:1667126522.6257286
0.07,0.06,0.01,8,3:1667126542.7686422
