total,running,sleeping,thread,pid_max,iteration&time
25,1,24,91,0,1:1667126502.4518087
25,1,24,91,0,2:1667126522.6174815
25,1,24,91,0,3:1667126542.759954
