min1,min5,min15,cpucore,iteration&time
0.06,0.01,0.0,8,1:1667124869.4555974
0.04,0.01,0.0,8,2:1667124889.6362786
0.03,0.01,0.0,8,3:1667124909.7995305
