total,running,sleeping,thread,pid_max,iteration&time
25,1,24,91,0,1:1667124869.4494524
25,1,24,91,0,2:1667124889.6279078
25,1,24,91,0,3:1667124909.791103
