min1,min5,min15,cpucore,iteration&time
0.28,0.34,0.15,8,1:1667129170.1353595
0.2,0.32,0.15,8,2:1667129190.4327617
0.14,0.3,0.15,8,3:1667129210.6480606
