total,running,sleeping,thread,pid_max,iteration&time
28,1,27,94,0,1:1667129170.1266072
28,1,27,94,0,2:1667129190.413869
28,1,27,94,0,3:1667129210.6316614
