min1,min5,min15,cpucore,iteration&time
0.0,0.0,0.0,8,1:1667124808.9581897
0.0,0.0,0.0,8,2:1667124829.1545994
0.0,0.0,0.0,8,3:1667124849.3044844
