total,running,sleeping,thread,pid_max,iteration&time
25,1,24,91,0,1:1667124808.9520068
25,1,24,91,0,2:1667124829.1461215
25,1,24,91,0,3:1667124849.295649
