min1,min5,min15,cpucore,iteration&time
1.23,0.86,0.47,8,1:1667129716.972418
1.24,0.89,0.48,8,2:1667129737.345574
1.17,0.89,0.5,8,3:1667129757.5911767
