total,running,sleeping,thread,pid_max,iteration&time
37,3,34,103,0,1:1667129716.9381444
37,2,35,103,0,2:1667129737.3212426
34,2,32,100,0,3:1667129757.5711167
