total,running,sleeping,thread,pid_max,iteration&time
28,1,27,94,0,1:1667127470.23616
28,1,27,94,0,2:1667127490.4314237
28,1,27,94,0,3:1667127510.6540062
