min1,min5,min15,cpucore,iteration&time
0.0,0.0,0.0,8,1:1667128744.9859707
0.0,0.0,0.0,8,2:1667128765.1639297
0.0,0.0,0.0,8,3:1667128785.3297112
