total,running,sleeping,thread,pid_max,iteration&time
28,1,27,94,0,1:1667128744.979847
28,1,27,94,0,2:1667128765.1551926
28,1,27,94,0,3:1667128785.3197217
