min1,min5,min15,cpucore,iteration&time
0.05,0.06,0.02,8,1:1667126442.0425
0.04,0.06,0.01,8,2:1667126462.2017922
0.02,0.05,0.01,8,3:1667126482.3322384
