total,running,sleeping,thread,pid_max,iteration&time
25,1,24,91,0,1:1667126442.0368338
25,1,24,91,0,2:1667126462.1933148
25,1,24,91,0,3:1667126482.323652
