device_name,fs_type,mnt_point,size,used,free,percent,key,iteration&time
/dev/sdc,ext4,/,269490393088,2625982464,253103738880,1.0,mnt_point,1:1667128866.186752
/dev/sdc,ext4,/,269490393088,2625982464,253103738880,1.0,mnt_point,2:1667128886.5952573
/dev/sdc,ext4,/,269490393088,2625982464,253103738880,1.0,mnt_point,3:1667128906.8515518
