min1,min5,min15,cpucore,iteration&time
0.0,0.0,0.0,8,1:1667128866.17745
0.0,0.0,0.0,8,2:1667128886.5765753
0.0,0.0,0.0,8,3:1667128906.842907
