total,running,sleeping,thread,pid_max,iteration&time
28,1,27,94,0,1:1667128866.1612415
28,1,27,94,0,2:1667128886.550831
28,1,27,94,0,3:1667128906.8305366
