min1,min5,min15,cpucore,iteration&time
0.1,0.28,0.14,8,1:1667129230.8734138
0.07,0.26,0.14,8,2:1667129251.2957284
0.42,0.32,0.16,8,3:1667129271.7349894
