total,running,sleeping,thread,pid_max,iteration&time
32,1,31,103,0,1:1667129230.8589604
31,2,29,97,0,2:1667129251.2192404
32,2,30,98,0,3:1667129271.712662
