min1,min5,min15,cpucore,iteration&time
0.28,0.08,0.02,8,1:1667128987.657235
0.78,0.22,0.07,8,2:1667129007.9296267
0.84,0.27,0.09,8,3:1667129028.2078683
