total,running,sleeping,thread,pid_max,iteration&time
31,1,29,97,0,1:1667128987.6452572
31,2,29,97,0,2:1667129007.9043908
34,2,32,100,0,3:1667129028.1858087
