min1,min5,min15,cpucore,iteration&time
0.0,0.0,0.0,8,1:1667127107.1949675
0.0,0.0,0.0,8,2:1667127127.3673255
0.0,0.0,0.0,8,3:1667127147.519492
