total,running,sleeping,thread,pid_max,iteration&time
28,1,27,94,0,1:1667127107.1890087
28,1,27,94,0,2:1667127127.3587642
28,1,27,94,0,3:1667127147.5103912
