total,running,sleeping,thread,pid_max,iteration&time
28,1,27,94,0,1:1667128805.4920192
28,1,27,94,0,2:1667128825.73449
28,1,27,94,0,3:1667128845.9157877
