min1,min5,min15,cpucore,iteration&time
0.02,0.01,0.0,8,1:1667124929.9502587
0.01,0.01,0.0,8,2:1667124950.1511674
0.01,0.0,0.0,8,3:1667124970.3040292
