total,running,sleeping,thread,pid_max,iteration&time
25,1,24,91,0,1:1667124929.9432101
25,1,24,91,0,2:1667124950.14271
25,1,24,91,0,3:1667124970.2957425
