min1,min5,min15,cpucore,iteration&time
0.02,0.02,0.0,8,1:1667125837.5385308
0.01,0.02,0.0,8,2:1667125857.7154574
0.01,0.02,0.0,8,3:1667125877.8629282
