total,running,sleeping,thread,pid_max,iteration&time
25,1,24,91,0,1:1667125837.532231
25,1,24,91,0,2:1667125857.7069042
25,1,24,91,0,3:1667125877.8541868
