min1,min5,min15,cpucore,iteration&time
0.98,1.61,1.27,8,1:1667130631.6490066
0.7,1.5,1.25,8,2:1667130651.8535132
0.5,1.41,1.22,8,3:1667130672.0595298
