total,running,sleeping,thread,pid_max,iteration&time
31,1,30,97,0,1:1667130631.6414876
31,1,30,97,0,2:1667130651.842215
31,1,30,97,0,3:1667130672.0483067
