min1,min5,min15,cpucore,iteration&time
1.04,1.09,0.71,8,1:1667130022.3672564
1.03,1.09,0.71,8,2:1667130042.6855211
1.31,1.15,0.74,8,3:1667130062.9184864
