total,running,sleeping,thread,pid_max,iteration&time
37,1,35,103,0,1:1667130022.3514326
37,1,35,103,0,2:1667130042.663667
37,1,35,103,0,3:1667130062.9032798
