total,running,sleeping,thread,pid_max,iteration&time
28,1,27,94,0,1:1667127349.1607378
28,1,27,94,0,2:1667127369.340892
28,1,27,94,0,3:1667127389.5137565
