min1,min5,min15,cpucore,iteration&time
0.07,0.02,0.0,8,1:1667127288.7019832
0.05,0.01,0.0,8,2:1667127308.8872473
0.03,0.01,0.0,8,3:1667127329.0327194
