total,running,sleeping,thread,pid_max,iteration&time
28,1,27,94,0,1:1667127288.6912727
28,1,27,94,0,2:1667127308.8792422
28,1,27,94,0,3:1667127329.024413
