min1,min5,min15,cpucore,iteration&time
0.0,0.0,0.0,8,1:1667128927.03181
0.08,0.02,0.01,8,2:1667128947.2655988
0.19,0.05,0.02,8,3:1667128967.4708261
