total,running,sleeping,thread,pid_max,iteration&time
28,1,27,94,0,1:1667128927.0220485
34,2,32,100,0,2:1667128947.2500505
31,1,30,97,0,3:1667128967.4584286
