min1,min5,min15,cpucore,iteration&time
0.0,0.0,0.0,8,1:1667125111.4380682
0.0,0.0,0.0,8,2:1667125131.6222804
0.08,0.02,0.01,8,3:1667125151.7745953
