total,running,sleeping,thread,pid_max,iteration&time
25,1,24,91,0,1:1667125111.4320211
25,1,24,91,0,2:1667125131.6142871
25,1,24,91,0,3:1667125151.765902
