min1,min5,min15,cpucore,iteration&time
0.0,0.0,0.0,8,1:1667128562.9644246
0.0,0.0,0.0,8,2:1667128583.2301304
0.0,0.0,0.0,8,3:1667128603.4725704
