total,running,sleeping,thread,pid_max,iteration&time
28,1,27,94,0,1:1667128562.9565961
28,1,27,94,0,2:1667128583.2106571
28,1,27,94,0,3:1667128603.4627163
