min1,min5,min15,cpucore,iteration&time
0.01,0.02,0.0,8,1:1667128017.0314302
0.0,0.02,0.0,8,2:1667128037.2543383
0.0,0.02,0.0,8,3:1667128057.4574792
