total,running,sleeping,thread,pid_max,iteration&time
28,1,27,94,0,1:1667128017.0240567
28,1,27,94,0,2:1667128037.2403007
28,1,27,94,0,3:1667128057.4416494
