min1,min5,min15,cpucore,iteration&time
0.56,0.51,0.26,8,1:1667129413.291271
0.54,0.51,0.27,8,2:1667129433.5392282
0.36,0.47,0.26,8,3:1667129453.7190626
