total,running,sleeping,thread,pid_max,iteration&time
28,1,27,94,0,1:1667129413.281552
31,1,30,97,0,2:1667129433.5258214
31,1,30,97,0,3:1667129453.7066214
