min1,min5,min15,cpucore,iteration&time
0.36,1.31,1.19,8,1:1667130692.230531
0.26,1.23,1.17,8,2:1667130712.4285357
0.18,1.15,1.14,8,3:1667130732.6297686
