total,running,sleeping,thread,pid_max,iteration&time
31,1,30,97,0,1:1667130692.2236679
31,1,30,97,0,2:1667130712.4168727
35,2,33,101,0,3:1667130732.6128798
