min1,min5,min15,cpucore,iteration&time
0.2,0.39,0.25,8,1:1667129534.4897628
0.65,0.48,0.28,8,2:1667129554.7705903
0.82,0.53,0.3,8,3:1667129575.0251095
