total,running,sleeping,thread,pid_max,iteration&time
31,1,29,97,0,1:1667129534.4754865
31,1,29,97,0,2:1667129554.753002
34,1,32,100,0,3:1667129575.0059884
