min1,min5,min15,cpucore,iteration&time
0.08,0.02,0.01,8,1:1667125534.8396792
0.06,0.01,0.0,8,2:1667125555.0176418
0.04,0.01,0.0,8,3:1667125575.158083
