total,running,sleeping,thread,pid_max,iteration&time
25,1,24,91,0,1:1667125534.8338218
25,1,24,91,0,2:1667125555.009665
25,1,24,91,0,3:1667125575.1496243
