min1,min5,min15,cpucore,iteration&time
0.0,0.0,0.0,8,1:1667126018.9427829
0.0,0.0,0.0,8,2:1667126039.1013093
0.0,0.0,0.0,8,3:1667126059.2388997
