min1,min5,min15,cpucore,iteration&time
1.47,1.79,1.3,8,1:1667130570.6511092
1.53,1.77,1.31,8,2:1667130590.9227378
1.37,1.72,1.3,8,3:1667130611.3385417
