total,running,sleeping,thread,pid_max,iteration&time
36,2,34,102,0,1:1667130570.635228
36,1,35,102,0,2:1667130590.9029393
37,2,35,103,0,3:1667130611.2799942
