min1,min5,min15,cpucore,iteration&time
0.0,0.01,0.0,8,1:1667126925.8179705
0.0,0.0,0.0,8,2:1667126945.9886124
0.0,0.0,0.0,8,3:1667126966.1386764
