total,running,sleeping,thread,pid_max,iteration&time
28,1,27,94,0,1:1667126925.8119662
28,1,27,94,0,2:1667126945.9800363
28,1,27,94,0,3:1667126966.129612
