min1,min5,min15,cpucore,iteration&time
0.0,0.02,0.0,8,1:1667126804.805926
0.0,0.02,0.0,8,2:1667126824.983156
0.0,0.01,0.0,8,3:1667126845.1346529
