total,running,sleeping,thread,pid_max,iteration&time
25,1,24,91,0,1:1667126804.7998064
25,1,24,91,0,2:1667126824.9736505
28,1,27,94,0,3:1667126845.1240668
