min1,min5,min15,cpucore,iteration&time
0.01,0.01,0.0,8,1:1667128502.4059155
0.01,0.0,0.0,8,2:1667128522.6036334
0.0,0.0,0.0,8,3:1667128542.794237
