total,running,sleeping,thread,pid_max,iteration&time
28,1,27,94,0,1:1667128502.3972037
28,1,27,94,0,2:1667128522.5905352
28,1,27,94,0,3:1667128542.7830615
