min1,min5,min15,cpucore,iteration&time
0.0,0.0,0.0,8,1:1667127713.2135813
0.0,0.0,0.0,8,2:1667127733.4333963
0.0,0.0,0.0,8,3:1667127753.621328
