total,running,sleeping,thread,pid_max,iteration&time
28,1,27,94,0,1:1667127713.2036667
28,1,27,94,0,2:1667127733.4218361
28,1,27,94,0,3:1667127753.6099405
