min1,min5,min15,cpucore,iteration&time
0.04,0.01,0.0,8,1:1667128441.7787657
0.03,0.01,0.0,8,2:1667128461.9956
0.02,0.01,0.0,8,3:1667128482.22368
