total,running,sleeping,thread,pid_max,iteration&time
28,1,27,94,0,1:1667128441.7714083
28,1,27,94,0,2:1667128461.9832094
28,1,27,94,0,3:1667128482.2121015
