min1,min5,min15,cpucore,iteration&time
0.0,0.0,0.0,8,1:1667126079.3583395
0.0,0.0,0.0,8,2:1667126099.5268936
0.0,0.0,0.0,8,3:1667126119.6750138
