total,running,sleeping,thread,pid_max,iteration&time
25,1,24,91,0,1:1667126079.3518808
25,1,24,91,0,2:1667126099.518469
25,1,24,91,0,3:1667126119.6664147
