min1,min5,min15,cpucore,iteration&time
0.0,0.0,0.0,8,1:1667128259.7644966
0.0,0.0,0.0,8,2:1667128280.0331702
0.0,0.0,0.0,8,3:1667128300.2346978
