total,running,sleeping,thread,pid_max,iteration&time
28,1,27,94,0,1:1667128259.7516518
28,1,27,94,0,2:1667128280.022451
28,1,27,94,0,3:1667128300.2226195
