min1,min5,min15,cpucore,iteration&time
0.03,0.03,0.0,8,1:1667127956.2320657
0.02,0.02,0.0,8,2:1667127976.4787638
0.01,0.02,0.0,8,3:1667127996.7784774
