total,running,sleeping,thread,pid_max,iteration&time
28,1,27,94,0,1:1667127956.222319
28,1,27,94,0,2:1667127976.4656496
28,1,27,94,0,3:1667127996.7481365
