min1,min5,min15,cpucore,iteration&time
0.0,0.0,0.0,8,1:1667128381.1833355
0.0,0.0,0.0,8,2:1667128401.4041653
0.06,0.01,0.0,8,3:1667128421.599458
