total,running,sleeping,thread,pid_max,iteration&time
28,1,27,94,0,1:1667128381.1744716
28,1,27,94,0,2:1667128401.3934195
28,1,27,94,0,3:1667128421.5879161
