min1,min5,min15,cpucore,iteration&time
0.0,0.0,0.0,8,1:1667128199.0763364
0.0,0.0,0.0,8,2:1667128219.3016372
0.0,0.0,0.0,8,3:1667128239.5139613
