total,running,sleeping,thread,pid_max,iteration&time
28,1,27,94,0,1:1667128199.0684018
28,1,27,94,0,2:1667128219.2897174
28,1,27,94,0,3:1667128239.4978857
