min1,min5,min15,cpucore,iteration&time
0.03,0.01,0.0,8,1:1667125595.36197
0.02,0.01,0.0,8,2:1667125615.663694
0.01,0.01,0.0,8,3:1667125635.8626463
