total,running,sleeping,thread,pid_max,iteration&time
25,1,24,91,0,1:1667125595.3451924
25,1,24,91,0,2:1667125615.6498747
25,1,24,91,0,3:1667125635.85183
