min1,min5,min15,cpucore,iteration&time
0.04,0.05,0.01,8,1:1667126562.9116478
0.03,0.05,0.01,8,2:1667126583.0818694
0.02,0.05,0.01,8,3:1667126603.2317996
