total,running,sleeping,thread,pid_max,iteration&time
25,1,24,91,0,1:1667126562.9056559
25,1,24,91,0,2:1667126583.0734382
25,1,24,91,0,3:1667126603.2231307
