min1,min5,min15,cpucore,iteration&time
0.06,0.03,0.01,8,1:1667127834.8288767
0.05,0.02,0.0,8,2:1667127855.0780895
0.03,0.02,0.0,8,3:1667127875.3525248
