total,running,sleeping,thread,pid_max,iteration&time
28,1,27,94,0,1:1667127834.821174
28,1,27,94,0,2:1667127855.0634046
28,1,27,94,0,3:1667127875.3390276
