min1,min5,min15,cpucore,iteration&time
0.14,0.08,0.02,8,1:1667126381.6182268
0.1,0.08,0.02,8,2:1667126401.7852967
0.07,0.07,0.02,8,3:1667126421.917369
