total,running,sleeping,thread,pid_max,iteration&time
25,1,24,91,0,1:1667126381.6124218
25,1,24,91,0,2:1667126401.7771819
25,1,24,91,0,3:1667126421.9083595
