min1,min5,min15,cpucore,iteration&time
0.0,0.01,0.0,8,1:1667125898.0027719
0.0,0.01,0.0,8,2:1667125918.1794517
0.0,0.01,0.0,8,3:1667125938.3272464
