total,running,sleeping,thread,pid_max,iteration&time
25,1,24,91,0,1:1667125897.997072
25,1,24,91,0,2:1667125918.1711733
25,1,24,91,0,3:1667125938.3187072
