min1,min5,min15,cpucore,iteration&time
0.0,0.0,0.0,8,1:1667127167.6645746
0.0,0.0,0.0,8,2:1667127187.839456
0.0,0.0,0.0,8,3:1667127207.9903579
