total,running,sleeping,thread,pid_max,iteration&time
28,1,27,94,0,1:1667127167.6585302
28,1,27,94,0,2:1667127187.83106
28,1,27,94,0,3:1667127207.980503
