min1,min5,min15,cpucore,iteration&time
1.08,0.61,0.34,8,1:1667129595.2257977
1.13,0.65,0.36,8,2:1667129615.504257
1.36,0.74,0.39,8,3:1667129635.7741606
