total,running,sleeping,thread,pid_max,iteration&time
34,1,32,100,0,1:1667129595.214751
37,2,35,103,0,2:1667129615.4813063
34,2,32,100,0,3:1667129635.7543106
