min1,min5,min15,cpucore,iteration&time
2.46,2.02,1.26,8,1:1667130388.218864
2.37,2.04,1.28,8,2:1667130408.5078323
1.98,1.97,1.28,8,3:1667130428.73919
