total,running,sleeping,thread,pid_max,iteration&time
37,1,35,103,0,1:1667130388.1981642
37,1,35,103,0,2:1667130408.4895222
37,1,35,103,0,3:1667130428.7182484
