min1,min5,min15,cpucore,iteration&time
0.0,0.0,0.0,8,1:1667128320.531329
0.0,0.0,0.0,8,2:1667128340.7926345
0.0,0.0,0.0,8,3:1667128360.9778485
