total,running,sleeping,thread,pid_max,iteration&time
28,1,27,94,0,1:1667128320.5166106
28,1,27,94,0,2:1667128340.7809258
28,1,27,94,0,3:1667128360.9667225
