min1,min5,min15,cpucore,iteration&time
0.0,0.03,0.0,8,1:1667126683.8611443
0.0,0.03,0.0,8,2:1667126704.0392215
0.0,0.03,0.0,8,3:1667126724.1873126
