total,running,sleeping,thread,pid_max,iteration&time
25,1,24,91,0,1:1667126683.854788
25,1,24,91,0,2:1667126704.0301852
25,1,24,91,0,3:1667126724.1777337
